{"cameraMode":{"drawMode":0,"name":"Shaded","section":"Shading Mode"},"sceneLighting":true,"audioPlay":false,"sceneViewState":{"showFog":true,"showMaterialUpdate":true,"showSkybox":true,"showFlares":true,"showImageEffects":true,"showParticleSystems":true},"in2DMode":false,"pivot":{"x":-13.607247352600098,"y":-6.013797760009766,"z":5.682157039642334},"rotation":{"x":-0.18185016512870789,"y":0.5357901453971863,"z":-0.11942785978317261,"w":-0.8158409595489502},"size":22.0,"orthographic":false}