{"cameraMode":{"drawMode":0,"name":"Shaded","section":"Shading Mode"},"sceneLighting":true,"audioPlay":false,"sceneViewState":{"showFog":true,"showMaterialUpdate":true,"showSkybox":true,"showFlares":true,"showImageEffects":true,"showParticleSystems":true},"in2DMode":false,"pivot":{"x":0.8745025396347046,"y":-2.016158103942871,"z":0.18180933594703675},"rotation":{"x":-0.3086342513561249,"y":-0.017981603741645814,"z":0.005834951065480709,"w":-0.9509929418563843},"size":22.0,"orthographic":false}